City_ID,City,Lat,Lng,Max Temp,Humidity,Cloudiness,Wind Speed,Country,Date
0,adamstown,-25.066,-130.1015,293.55,60,100,9.36,PN,1690916624
1,qaqortoq,60.7167,-46.0333,280.8,80,25,1.79,GL,1690916625
2,port-aux-francais,-49.35,70.2167,278.57,98,100,11.97,TF,1690916625
3,west island,-12.1568,96.8225,297.14,78,100,6.69,CC,1690916625
4,lloydminster,53.2835,-110.0016,293.27,64,75,2.06,CA,1690916626
5,blackmans bay,-43.0167,147.3167,279.55,86,100,2.46,AU,1690916626
6,vila velha,-20.3297,-40.2925,297.12,82,40,4.12,BR,1690916603
7,punta arenas,-53.15,-70.9167,276.21,81,75,10.8,CL,1690916442
8,olonkinbyen,70.9221,-8.7187,280.35,86,59,2.79,SJ,1690916628
9,port lincoln,-34.7333,135.8667,284.42,76,0,4.7,AU,1690916628
10,grytviken,-54.2811,-36.5092,271.89,83,100,4.12,GS,1690916629
11,nis,43.7031,7.2661,304.03,74,0,10.29,FR,1690916629
12,barcelona,41.3888,2.159,301.94,81,20,7.2,ES,1690916527
13,constantia,44.1833,28.65,293.54,77,0,3.52,RO,1690916421
14,ilulissat,69.2167,-51.1,277.36,74,27,2.07,GL,1690916630
15,bethel,41.3712,-73.414,299.27,48,75,4.12,US,1690916630
16,saldanha,-33.0117,17.9442,281.18,75,68,3.97,ZA,1690916631
17,iqaluit,63.7506,-68.5145,283.0,76,75,4.12,CA,1690916485
18,tiksi,71.6872,128.8694,278.29,96,100,1.96,RU,1690916632
19,andergrove,-21.0833,149.1833,291.84,83,19,4.74,AU,1690916633
20,bilibino,68.0546,166.4372,282.5,75,7,0.39,RU,1690916633
21,puerto ayora,-0.7393,-90.3518,302.13,87,51,2.24,EC,1690916634
22,bosobolo,4.1833,19.9,295.7,97,100,0.82,CD,1690916635
23,iskateley,67.6803,53.1512,293.42,73,93,3.53,RU,1690916635
24,kargasok,59.0556,80.8572,288.74,94,18,2.56,RU,1690916635
25,vorgashor,67.5833,63.95,287.95,84,100,2.21,RU,1690916636
26,puerto natales,-51.7236,-72.4875,274.97,96,100,4.28,CL,1690916637
27,hammerfest,70.6634,23.6821,288.4,82,75,2.06,NO,1690916637
28,bredasdorp,-34.5322,20.0403,280.36,82,99,1.44,ZA,1690916638
29,plesetsk,62.708,40.2916,288.44,89,70,0.54,RU,1690916638
30,labrador city,52.9463,-66.9114,287.1,77,75,3.09,CA,1690916412
31,iguape,-24.7081,-47.5553,294.5,70,1,3.53,BR,1690916639
32,ushuaia,-54.8,-68.3,276.96,75,20,8.23,AR,1690916640
33,geraldton,-28.7667,114.6,285.38,76,75,6.69,AU,1690916560
34,cabo san lucas,22.8909,-109.9124,309.6,65,20,1.03,MX,1690916641
35,rypin,53.066,19.4094,292.13,92,100,4.18,PL,1690916641
36,ribeira grande,38.5167,-28.7,299.69,78,20,6.17,PT,1690916642
37,san antonio de pale,-1.4014,5.6325,295.95,75,100,6.36,GQ,1690916643
38,waitangi,-43.9535,-176.5597,285.83,91,5,3.13,NZ,1690916644
39,talnakh,69.4865,88.3972,291.6,77,4,2.14,RU,1690916645
40,port alfred,-33.5906,26.891,286.51,78,13,1.3,ZA,1690916646
41,timbuktu,16.7735,-3.0074,313.73,19,8,4.02,ML,1690916646
42,parnu,58.3859,24.4971,291.2,100,100,2.06,EE,1690916520
43,arno,60.1167,18.6333,290.81,89,92,4.1,SE,1690916648
44,ilula,-7.6766,36.0366,290.45,76,0,3.25,TZ,1690916648
45,polyarnyy,69.1989,33.4478,287.07,98,76,0.38,RU,1690916649
46,whitehorse,60.7161,-135.0538,289.58,82,20,1.03,CA,1690916650
47,aasiaat,68.7098,-52.8699,276.45,94,88,2.5,GL,1690916650
48,ocho rios,18.4025,-77.1048,303.6,76,100,6.92,JM,1690916455
49,thompson,55.7435,-97.8558,297.24,69,75,5.14,CA,1690916651
50,bodo,67.28,14.405,292.17,71,75,6.69,NO,1690916652
51,lodja,-3.4833,23.4333,299.94,24,61,0.84,CD,1690916652
52,georgetown,5.4112,100.3354,301.12,83,20,2.68,MY,1690916637
53,klyuchi,52.2667,79.1667,295.41,46,8,2.87,RU,1690916653
54,saipan,15.1355,145.701,300.54,100,0,0.45,MP,1690916654
55,yoloten,37.2989,62.3597,305.92,18,0,5.87,TM,1690916655
56,kailua-kona,19.6406,-155.9956,302.19,72,9,0.89,US,1690916509
57,edinburgh of the seven seas,-37.0676,-12.3116,287.6,84,100,10.55,SH,1690916656
58,misliyah,17.4599,42.5572,307.62,40,34,3.23,SA,1690916656
59,ust-nera,64.5667,143.2,282.21,86,70,2.11,RU,1690916657
60,isafjordur,66.0755,-23.124,284.17,82,20,4.63,IS,1690916657
61,pagar alam,-4.0167,103.2667,292.81,91,70,1.37,ID,1690916658
62,vilyuchinsk,52.9306,158.4028,283.3,87,97,2.66,RU,1690916659
63,vadso,70.0744,29.7487,286.64,94,75,2.57,NO,1690916598
64,albany,42.6001,-73.9662,296.99,51,49,0.89,US,1690916169
65,mahavelona,-17.6848,49.5087,292.14,87,12,2.12,MG,1690916660
66,gadzhiyevo,69.2551,33.3362,286.43,98,70,0.48,RU,1690916661
67,nemuro,43.3236,145.575,288.91,99,85,4.65,JP,1690916661
68,sitka,57.0531,-135.33,289.45,80,100,1.14,US,1690916469
69,codrington,-38.2667,141.9667,280.23,91,9,2.93,AU,1690916662
70,margaret river,-33.95,115.0667,289.47,81,12,10.27,AU,1690916664
71,queenstown,-31.8976,26.8753,279.42,64,8,1.11,ZA,1690916665
72,avarua,-21.2078,-159.775,294.18,88,100,3.6,CK,1690916665
73,prince rupert,54.3161,-130.3201,288.98,92,40,1.54,CA,1690916641
74,stanley,54.868,-1.6985,288.78,92,75,3.6,GB,1690916666
75,luchegorsk,46.4764,134.2569,294.74,98,39,2.32,RU,1690916667
76,banfora,10.6333,-4.7667,300.09,73,100,2.82,BF,1690916667
77,dire dawa,9.5931,41.8661,297.17,67,100,6.85,ET,1690916668
78,sarupathar,26.1984,93.8094,299.37,95,100,1.28,IN,1690916668
79,hasaki,35.7333,140.8333,297.76,92,24,4.14,JP,1690916668
80,meadow lake,34.8014,-106.5436,305.75,28,15,4.58,US,1690916669
81,lihue,21.9789,-159.3672,300.73,70,68,6.56,US,1690916597
82,rongelap,11.1635,166.8941,301.34,77,89,6.41,MH,1690916670
83,raholt,60.2667,11.1833,289.52,89,40,2.06,NO,1690916670
84,la ronge,55.1001,-105.2842,297.27,94,40,5.66,CA,1690916671
85,keflavik,64.0049,-22.5624,285.39,76,20,2.57,IS,1690916496
86,metlili chaamba,32.2667,3.6333,313.67,6,0,4.12,DZ,1690916672
87,pamekasan,-7.1568,113.4746,298.34,78,93,4.7,ID,1690916673
88,tamanrasset,22.785,5.5228,309.1,10,40,3.09,DZ,1690916673
89,nova vicosa,-17.8919,-39.3719,296.23,67,20,3.48,BR,1690916595
90,pacocha,-17.5833,-71.3333,291.23,72,100,2.57,PE,1690916674
91,papatowai,-46.5619,169.4708,278.5,71,79,10.93,NZ,1690916675
92,al jawf,29.5,38.75,306.75,14,0,3.53,SA,1690916675
93,lompoc,34.6391,-120.4579,298.23,84,100,3.6,US,1690916452
94,fort st. john,56.2499,-120.8529,288.09,82,75,2.57,CA,1690916676
95,invercargill,-46.4,168.35,277.6,83,88,3.58,NZ,1690916676
96,skagen,57.7209,10.5839,289.01,80,15,0.78,DK,1690916677
97,dingcheng,32.1272,115.0394,298.3,93,3,2.97,CN,1690916677
98,vilyuysk,63.7553,121.6247,283.2,63,79,1.7,RU,1690916678
99,lerwick,60.1545,-1.1494,286.15,90,98,4.55,GB,1690916678
100,kapa'a,22.0752,-159.319,301.14,78,68,3.13,US,1690916588
101,mersing,2.4312,103.8405,298.1,94,20,2.06,MY,1690916679
102,golfito,8.639,-83.166,301.4,83,100,1.78,CR,1690916679
103,graham,47.0529,-122.2943,298.91,49,0,3.6,US,1690916505
104,leua,48.2156,18.6071,289.76,97,100,4.17,SK,1690916680
105,hermanus,-34.4187,19.2345,280.26,76,97,3.97,ZA,1690916681
106,yellowknife,62.456,-114.3525,295.44,43,75,7.2,CA,1690916642
107,kurumkan,54.3,110.3,294.9,56,98,1.13,RU,1690916682
108,cole harbour,44.6724,-63.4751,297.69,54,40,3.6,CA,1690916683
109,pyetrykaw,52.1289,28.4921,292.74,77,100,2.44,BY,1690916683
110,palmas de monte alto,-14.2672,-43.1619,304.01,23,0,3.49,BR,1690916684
111,shingu,33.7333,135.9833,297.79,97,94,0.3,JP,1690916406
112,ballina,-28.8667,153.5667,285.81,74,45,4.47,AU,1690916685
113,al buraymi,24.2509,55.7931,307.83,43,0,3.09,OM,1690916685
114,sollenau,47.9026,16.2498,291.32,94,75,1.54,AT,1690916686
115,remire-montjoly,4.9167,-52.2667,299.17,78,5,2.57,GF,1690916686
116,trincomalee,8.5711,81.2335,300.53,74,100,9.29,LK,1690916687
117,chaman,30.9236,66.4512,303.16,10,0,2.27,PK,1690916687
118,siwa oasis,29.2041,25.5195,307.08,23,0,2.41,EG,1690916688
119,enewetak,11.3474,162.3373,301.14,80,100,6.09,MH,1690916688
120,terracina,41.2863,13.2217,298.1,88,98,3.68,IT,1690916689
121,college,64.8569,-147.8028,296.74,77,40,0.0,US,1690916401
122,oranjemund,-28.55,16.4333,289.22,44,0,3.42,NA,1690916689
123,rikaze,29.25,88.8833,287.92,67,100,1.52,CN,1690916690
124,newman,37.3138,-121.0208,306.61,15,100,1.34,US,1690916690
125,puerto quijarro,-17.7833,-57.7667,311.08,16,0,1.7,BO,1690916691
126,fortuna,40.5982,-124.1573,290.66,84,20,5.14,US,1690916691
127,port elizabeth,-33.918,25.5701,283.31,93,0,2.06,ZA,1690916692
128,alice springs,-23.7,133.8833,277.9,75,0,0.0,AU,1690916675
129,freetown,8.484,-13.2299,297.99,88,75,7.2,SL,1690916693
130,owase,34.0667,136.2,297.98,90,32,1.43,JP,1690916693
131,broken hill,-31.95,141.4333,282.38,73,0,3.43,AU,1690916694
132,kimbe,-5.5502,150.1429,298.37,84,100,3.94,PG,1690916694
133,berdigestyakh,62.0989,126.6992,282.03,80,6,2.34,RU,1690916694
134,laguna,38.421,-121.4238,304.86,47,0,3.6,US,1690916695
135,ostersund,63.1792,14.6357,287.93,82,20,4.12,SE,1690916550
136,yuzhno-kurilsk,44.0306,145.8556,288.75,99,100,3.29,RU,1690916696
137,sergeyevka,53.88,67.4158,291.11,79,100,3.46,KZ,1690916696
138,udachny,66.4167,112.4,290.07,44,25,1.26,RU,1690916697
139,longyearbyen,78.2186,15.6401,282.06,76,40,1.03,SJ,1690916410
140,igarka,67.4667,86.5833,292.6,66,0,3.45,RU,1690916698
141,hawaiian paradise park,19.5933,-154.9731,299.88,81,40,2.57,US,1690916699
142,ilha de mocambique,-15.0342,40.7358,297.59,69,0,8.06,MZ,1690916699
143,san marcos de colon,13.4333,-86.8,300.0,63,100,3.19,HN,1690916700
144,tommot,58.9564,126.2925,284.08,80,65,1.67,RU,1690916700
145,envira,-7.3,-70.2167,309.73,24,58,1.26,BR,1690916701
146,tamala,52.541,43.2515,291.21,83,88,3.22,RU,1690916702
147,krutaya gorka,55.3649,73.2231,293.53,78,22,1.84,RU,1690916703
148,uturoa,-16.7333,-151.4333,299.5,73,82,7.86,PF,1690916704
149,hithadhoo,-0.6,73.0833,300.85,73,75,2.14,MV,1690916705
150,broome,42.2506,-75.833,297.05,49,75,4.63,US,1690916706
151,san cristobal,7.7669,-72.225,299.25,67,41,3.67,VE,1690916707
152,east ballina,-28.8667,153.5833,285.82,73,41,4.77,AU,1690916707
153,petauke,-14.2426,31.3253,290.39,68,0,5.88,ZM,1690916708
154,pader palwo,2.8006,33.135,292.31,95,89,2.17,UG,1690916708
155,salalah,17.0151,54.0924,299.2,94,100,3.09,OM,1690916709
156,wailua homesteads,22.0669,-159.378,300.59,75,0,7.72,US,1690916710
157,la'ie,21.6477,-157.9253,301.13,71,48,4.02,US,1690916710
158,bereket,39.2446,55.5154,304.54,43,0,3.33,TM,1690916711
159,guayaramerin,-10.8368,-65.3614,308.18,36,0,1.03,BO,1690916711
160,mongo,12.1844,18.693,298.61,78,97,4.41,TD,1690916712
161,quepos,9.4236,-84.1652,301.41,80,100,1.98,CR,1690916712
162,wschowa,51.807,16.3166,290.87,89,96,3.59,PL,1690916713
163,thinadhoo,0.5333,72.9333,300.78,75,33,2.12,MV,1690916714
164,chonchi,-42.6128,-73.8092,282.71,72,100,4.85,CL,1690916592
165,sidney,-33.8679,151.2073,286.46,79,100,4.12,AU,1690916683
166,tynda,55.1667,124.7167,282.04,90,0,2.41,RU,1690916715
167,urucui,-7.2294,-44.5561,309.92,20,0,3.67,BR,1690916609
168,carnarvon,-24.8667,113.6333,292.8,64,27,4.95,AU,1690916716
169,viedma,-40.8135,-62.9967,292.33,21,58,9.52,AR,1690916548
170,utrik,11.2278,169.8474,301.02,77,100,6.53,MH,1690916717
171,higuera de zaragoza,25.95,-109.2833,308.11,45,0,4.77,MX,1690916717
172,fort bragg,35.139,-79.006,304.77,56,75,4.63,US,1690916718
173,jamestown,42.097,-79.2353,297.05,50,40,4.12,US,1690916465
174,goundam,16.4145,-3.6708,314.02,19,88,2.34,ML,1690916719
175,portland,45.5234,-122.6762,300.92,51,0,1.79,US,1690916229
176,arboletes,8.8505,-76.4269,303.76,68,88,2.13,CO,1690916720
177,al kharijah,25.4514,30.5464,307.4,14,0,3.74,EG,1690916721
178,dwarka,22.2394,68.9678,300.64,84,100,9.55,IN,1690916721
179,bagneres-de-bigorre,43.0667,0.15,294.98,73,0,5.14,FR,1690916722
180,manyas,40.0464,27.97,298.06,79,0,1.03,TR,1690916723
181,port mathurin,-19.6833,63.4167,296.52,73,23,10.91,MU,1690916723
182,betio village,1.358,172.9211,299.17,73,25,1.26,KI,1690916724
183,mahina,-17.5065,-149.489,300.02,65,20,1.54,PF,1690916724
184,zahedan,29.4963,60.8629,305.1,12,0,3.09,IR,1690916725
185,saint-philippe,-21.3585,55.7679,293.92,84,23,3.04,RE,1690916731
186,richards bay,-28.783,32.0377,288.34,76,19,1.37,ZA,1690916731
187,vallenar,-28.5708,-70.7581,303.24,19,1,3.0,CL,1690916732
188,papao,-17.75,-149.55,299.97,71,98,9.23,PF,1690916733
189,jabor,5.921,169.6434,300.48,76,72,1.21,MH,1690916734
190,robore,-18.3333,-59.75,307.2,49,0,2.57,BO,1690916734
191,badiyah,22.45,58.8,304.93,48,6,4.88,OM,1690916735
192,maracaju,-21.6144,-55.1683,304.63,24,0,2.05,BR,1690916736
193,san luis de la loma,17.2706,-100.8939,304.5,60,100,2.39,MX,1690916737
194,kayyerkan,69.3786,87.7439,291.65,93,12,3.48,RU,1690916737
195,lospalos,-8.5186,127.0025,292.93,70,5,2.65,TL,1690916738
196,lata,40.1629,-8.3327,295.97,75,31,3.85,PT,1690916738
197,orenburg,51.7727,55.0988,293.18,62,2,3.02,RU,1690916739
198,sechura,-5.5569,-80.8222,300.39,58,51,6.7,PE,1690916739
199,taulaga,-11.0553,-171.0883,300.99,75,6,6.53,AS,1690916740
200,kapuskasing,49.4169,-82.4331,295.2,37,40,1.03,CA,1690916740
201,luderitz,-26.6481,15.1594,290.95,39,0,2.32,NA,1690916741
202,sao joao da barra,-21.6403,-41.0511,299.2,68,20,4.07,BR,1690916555
203,tura,25.5198,90.2201,297.87,90,100,3.83,IN,1690916742
204,ankazoabo,-22.2833,44.5167,290.21,78,8,7.92,MG,1690916742
205,manokwari,-0.8667,134.0833,299.02,82,45,1.34,ID,1690916671
206,neiafu,-18.65,-173.9833,292.53,88,100,3.6,TO,1690916482
207,turpan,42.9333,89.1667,306.39,27,9,1.54,CN,1690916744
208,morgan hill,37.1305,-121.6544,301.4,57,0,3.6,US,1690916744
209,bousso,10.4795,16.7117,297.86,82,15,3.54,TD,1690916744
210,usinsk,65.9939,57.5281,290.37,72,0,4.75,RU,1690916745
211,tindouf,27.6711,-8.1474,320.4,5,20,3.09,DZ,1690916745
212,smithers,54.7804,-127.1743,289.33,67,75,1.03,CA,1690916730
213,nicoya,10.1483,-85.452,302.19,75,100,0.87,CR,1690916747
214,leh,34.1667,77.5833,292.84,37,38,2.22,IN,1690916637
215,afaahiti,-17.75,-149.2833,299.08,73,100,8.76,PF,1690916748
216,cidreira,-30.1811,-50.2056,292.53,77,0,4.06,BR,1690916570
217,egilsstadir,65.2653,-14.3948,286.1,71,75,5.66,IS,1690916599
218,chania,35.5122,24.0156,300.93,69,0,0.0,GR,1690916462
219,jagna,9.6531,124.3697,300.28,85,99,5.24,PH,1690916750
220,flying fish cove,-10.4217,105.6791,296.97,94,75,2.06,CX,1690916750
221,tamandare,-8.7597,-35.1047,299.17,75,0,3.52,BR,1690916751
222,koulamoutou,-1.1303,12.4736,300.61,56,98,2.18,GA,1690916751
223,puerto santa,-8.9906,-78.6456,295.33,72,56,5.01,PE,1690916752
224,pathein,16.7833,94.7333,299.67,88,100,5.06,MM,1690916752
225,cockburn town,21.4612,-71.1419,304.13,66,40,5.66,TC,1690916753
226,vorkuta,67.5,64.0,288.02,84,100,2.03,RU,1690916753
227,san antonio,29.4241,-98.4936,312.73,37,20,4.12,US,1690916675
228,jining,35.405,116.5814,298.07,93,62,3.63,CN,1690916754
229,petropavlovsk-kamchatsky,53.0452,158.6483,283.48,100,20,1.0,RU,1690916755
230,lazaro cardenas,17.9583,-102.2,301.17,82,100,1.04,MX,1690916755
231,alaghsas,17.0187,8.0168,298.09,83,40,11.32,NE,1690916755
232,zouerate,22.7187,-12.4521,316.08,6,5,3.77,MR,1690916756
233,rawson,-43.3002,-65.1023,287.89,26,0,13.84,AR,1690916756
234,arraial do cabo,-22.9661,-42.0278,297.13,73,0,5.66,BR,1690916555
235,kamianske,48.5113,34.6021,295.79,63,7,4.15,UA,1690916757
236,harper,4.375,-7.7169,298.18,87,100,5.59,LR,1690916758
237,colombo,6.9319,79.8478,301.12,88,100,4.46,LK,1690916520
238,dolores,-36.3132,-57.6792,297.19,64,0,2.82,AR,1690916759
239,usogorsk,63.4106,48.6872,293.6,64,99,2.12,RU,1690916759
240,castillos,-34.1667,-53.8333,297.11,65,0,3.13,UY,1690916760
241,sisimiut,66.9395,-53.6735,278.39,93,100,1.96,GL,1690916760
242,atafu village,-8.5421,-172.5159,301.61,76,82,6.51,TK,1690916761
243,hadibu,12.65,54.0333,299.61,76,39,7.51,YE,1690916761
244,sabang,5.8933,95.3214,301.15,75,100,9.94,ID,1690916762
245,lastoursville,-0.8143,12.7287,301.09,50,100,0.77,GA,1690916763
246,chinde,26.8418,88.0763,292.79,97,100,1.65,NP,1690916763
247,gemlik,40.4309,29.1597,297.62,84,0,1.98,TR,1690916764
248,belyy yar,53.6039,91.3903,295.09,78,40,2.0,RU,1690916765
249,gremyachevo,54.7503,38.5869,290.9,93,100,2.66,RU,1690916765
250,kupang,-10.1667,123.5833,296.55,78,98,4.68,ID,1690916766
251,wattegama,6.7989,81.4808,299.04,67,100,2.35,LK,1690916767
252,mount pearl,47.5166,-52.7813,293.89,78,75,7.2,CA,1690916768
253,shimokizukuri,40.8061,140.3861,295.66,96,100,2.32,JP,1690916769
254,waingapu,-9.6567,120.2641,296.42,90,9,4.78,ID,1690916770
255,bayanaul,50.7889,75.6956,295.19,41,30,2.31,KZ,1690916770
256,bishkul,54.7803,69.1033,291.94,68,100,3.57,KZ,1690916772
257,ponta delgada,37.7333,-25.6667,297.55,94,40,4.63,PT,1690916772
258,kemijarvi,66.7131,27.4306,288.78,90,99,2.19,FI,1690916773
259,taytayan,7.7339,126.5019,297.81,78,65,1.79,PH,1690916773
260,boda,4.3189,17.4695,295.24,92,100,1.49,CF,1690916774
261,nangka,9.4006,122.8169,299.02,89,100,2.76,PH,1690916775
262,gorom-gorom,14.4439,-0.2361,306.71,45,100,4.95,BF,1690916775
263,hamilton,39.1834,-84.5333,302.59,47,0,3.6,US,1690916131
264,argo,37.6333,22.7333,301.92,64,9,0.98,GR,1690916776
265,anadyr,64.75,177.4833,285.93,71,20,5.0,RU,1690916777
266,hotan,37.0997,79.9269,301.57,22,2,3.71,CN,1690916537
267,sabha,27.0377,14.4283,305.91,16,0,4.14,LY,1690916777
268,patacamaya,-17.2333,-67.9167,287.42,15,0,1.88,BO,1690916778
269,yunfu,22.9306,112.0373,298.8,93,100,0.35,CN,1690916644
270,coquimbo,-29.9533,-71.3436,291.0,67,20,1.54,CL,1690916755
271,colonia,50.9333,6.95,292.49,72,0,3.6,DE,1690916779
272,yangambi,0.8102,24.4336,296.7,78,75,1.06,CD,1690916780
273,baranchinskiy,58.1617,59.6991,291.11,74,100,1.28,RU,1690916781
274,galle,6.0367,80.217,299.65,87,80,5.35,LK,1690916781
275,ubatuba,-23.4339,-45.0711,296.65,68,4,2.27,BR,1690916661
276,sao miguel do araguaia,-13.275,-50.1628,308.47,18,0,2.27,BR,1690916783
277,ust'-ordynskiy,52.805,104.7508,291.3,88,100,2.01,RU,1690916783
278,bonthe,7.5264,-12.505,297.65,90,100,4.73,SL,1690916595
279,bela,25.9333,81.9833,306.11,56,100,2.7,IN,1690916785
280,kachkanar,58.7,59.4948,289.85,78,96,1.66,RU,1690916785
281,kharp,66.8014,65.8081,291.91,70,100,2.49,RU,1690916786
282,haiku-pauwela,20.9219,-156.3051,299.35,72,40,8.23,US,1690916786
283,heihe,50.2441,127.4902,293.37,88,100,0.62,CN,1690916787
284,homestead meadows south,31.811,-106.1643,307.41,28,26,1.77,US,1690916787
285,juegang,32.3174,121.1855,300.88,94,18,3.04,CN,1690916788
286,souillac,-20.5167,57.5167,295.36,88,75,4.63,MU,1690916497
287,paulo afonso,-9.4061,-38.2147,302.31,54,40,5.66,BR,1690916649
288,weno,7.4515,151.8468,300.12,89,100,0.0,FM,1690916789
289,charters towers,-20.1,146.2667,287.54,94,0,3.96,AU,1690916790
290,tiete,-23.1019,-47.7147,298.83,30,0,1.49,BR,1690916791
291,chajari,-30.7505,-57.9796,302.14,48,0,3.7,AR,1690916791
292,saint john,45.2727,-66.0677,294.72,49,75,6.69,CA,1690916666
293,karpinsk,59.7654,60.0085,287.72,92,16,1.56,RU,1690916792
294,buala,-8.145,159.5921,298.84,87,100,4.27,SB,1690916793
295,fale old settlement,-9.3852,-171.2468,301.44,74,9,7.23,TK,1690916793
296,xiva,41.3783,60.3639,299.14,21,1,5.39,UZ,1690916794
297,murun-kuren,49.6342,100.1625,288.72,93,100,1.99,MN,1690916794
298,guarapari,-20.6667,-40.4975,295.87,75,47,3.39,BR,1690916795
299,byron bay,-28.65,153.6167,285.77,76,25,4.76,AU,1690916744
300,simanggang,1.2472,111.4528,296.14,100,100,0.0,MY,1690916796
301,bol'shoye boldino,55.0059,45.3142,293.04,67,100,1.43,RU,1690916797
302,st. john's,47.5649,-52.7093,294.35,79,100,1.79,CA,1690916802
303,tasqala,51.1167,50.3167,296.59,41,11,2.83,KZ,1690916803
304,lichuan,30.3,108.85,292.09,97,60,0.95,CN,1690916731
305,bulungu,-4.55,18.6,300.17,17,15,0.7,CD,1690916804
306,mount gambier,-37.8333,140.7667,280.44,87,0,2.59,AU,1690916805
307,bikenibeu village,1.3673,173.1241,299.13,89,20,1.03,KI,1690916805
308,linxia chengguanzhen,35.6003,103.2064,291.29,77,72,1.81,CN,1690916806
309,lebu,-37.6167,-73.65,285.81,74,81,2.8,CL,1690916806
310,bathsheba,13.2167,-59.5167,302.91,69,0,3.91,BB,1690916807
311,kavaratti,10.5669,72.642,301.58,74,98,6.53,IN,1690916807
312,tacna,-18.0056,-70.2483,289.26,77,75,3.09,PE,1690916541
313,lorengau,-2.0226,147.2712,300.57,80,100,2.77,PG,1690916808
314,bomdila,27.25,92.4,289.77,97,100,1.57,IN,1690916808
315,kerema,-7.9631,145.7785,297.97,89,100,4.46,PG,1690916809
316,badger,64.8,-147.5333,295.45,76,40,0.45,US,1690916809
317,tumayr,25.7039,45.868,309.36,10,5,3.18,SA,1690916810
318,tvoroyri,61.5556,-6.8111,284.52,80,98,7.27,FO,1690916810
319,namibe,-15.1961,12.1522,290.93,87,100,0.72,AO,1690916811
320,caraballeda,10.6112,-66.8522,308.19,58,40,3.09,VE,1690916812
321,poienile de sub munte,47.8167,24.4333,290.15,78,100,1.53,RO,1690916812
322,mogadishu,2.0371,45.3438,297.85,88,100,7.29,SO,1690916813
323,olyokminsk,60.3736,120.4264,283.46,71,23,0.95,RU,1690916813
324,gornopravdinsk,60.05,69.9,289.5,86,100,3.19,RU,1690916814
325,kodiak,57.79,-152.4072,288.88,77,0,2.57,US,1690916814
326,kolokani,13.5728,-8.0339,303.79,54,66,2.84,ML,1690916815
327,howrah,22.5892,88.3103,300.15,94,100,7.72,IN,1690916729
328,bodaybo,57.8506,114.1933,285.03,81,100,1.72,RU,1690916816
329,callao,-12.0667,-77.15,295.31,64,75,4.12,PE,1690916816
330,sanchazi,42.0817,126.6003,293.53,96,100,1.42,CN,1690916817
331,montego bay,18.4712,-77.9188,305.04,70,20,6.69,JM,1690916632
332,alofi,-19.0595,-169.9187,293.09,88,100,7.72,NU,1690916818
333,tevriz,57.509,72.4042,288.17,99,33,1.9,RU,1690916819
334,beziers,43.3476,3.219,301.11,51,0,10.8,FR,1690916819
335,nadi,-17.8,177.4167,293.15,83,40,2.57,FJ,1690916820
336,abu dhabi,24.4667,54.3667,308.68,58,0,1.03,AE,1690916820
337,crane,31.3974,-102.3501,309.36,29,44,6.21,US,1690916821
338,brandon,27.9378,-82.2859,307.58,75,0,2.57,US,1690916578
339,gamba,-2.65,10.0,294.24,84,100,3.02,GA,1690916822
340,achikulak,44.5517,44.8378,298.85,49,0,5.2,RU,1690916823
341,kalix,65.853,23.1565,288.31,84,62,3.21,SE,1690916824
342,thief river falls,48.1191,-96.1812,303.68,74,40,6.17,US,1690916824
343,pudasjarvi,65.3833,26.9167,288.76,88,76,2.64,FI,1690916825
344,sinabang,2.4803,96.3801,298.46,85,100,1.1,ID,1690916826
345,selfoss,63.9331,-20.9971,287.08,77,52,3.76,IS,1690916528
346,la paz,-16.5,-68.15,287.14,20,20,4.63,BO,1690916741
347,civril,38.3014,29.7386,295.88,51,12,1.48,TR,1690916828
348,kingston,17.997,-76.7936,308.28,69,20,11.32,JM,1690916528
349,bojia,26.4672,111.9681,297.87,95,100,0.47,CN,1690916739
350,arris,35.2588,6.3471,300.82,25,33,2.3,DZ,1690916830
351,roma,43.2128,-75.4557,296.38,48,100,2.57,US,1690916530
352,ulladulla,-35.35,150.4667,286.42,83,100,1.38,AU,1690916832
353,guerrero negro,27.9769,-114.0611,302.19,49,18,5.43,MX,1690916833
354,ulaangom,49.9811,92.0667,292.83,59,90,0.73,MN,1690916833
355,khandyga,62.6667,135.6,282.33,88,53,1.53,RU,1690916834
356,ola,59.5833,151.2833,284.83,80,11,2.74,RU,1690916835
357,cardigan,52.0847,-4.6591,289.11,90,100,5.75,GB,1690916836
358,aykhal,66.0,111.5,286.08,61,19,1.41,RU,1690916836
359,kamaishi,39.2667,141.8833,296.23,84,86,2.73,JP,1690916839
360,ixtapa-zihuatanejo,17.6333,-101.55,304.2,66,75,3.09,MX,1690916839
361,agat village,13.3886,144.6585,300.67,92,0,2.06,GU,1690916840
362,nar'yan-mar,67.6713,53.087,293.46,73,94,3.47,RU,1690916840
363,sohagpur,22.7,78.2,298.1,87,98,4.33,IN,1690916841
364,saint croix,17.7397,-64.7388,303.4,74,40,3.6,VI,1690916842
365,margate,51.3813,1.3862,291.41,73,100,3.58,GB,1690916843
366,burang,30.25,81.1667,284.99,81,65,2.22,CN,1690916844
367,tibanbang,6.6315,126.1055,300.08,83,94,4.24,PH,1690916845
368,warrnambool,-38.3833,142.4833,282.22,88,36,3.71,AU,1690916846
369,touros,-5.1989,-35.4608,299.94,74,1,6.92,BR,1690916851
370,kerikeri,-35.2268,173.9474,285.32,90,2,0.45,NZ,1690916852
371,mormugao,15.4,73.8,298.9,85,94,6.71,IN,1690916854
372,vryburg,-26.9566,24.7284,278.97,21,0,3.38,ZA,1690916856
373,zlynka,52.4267,31.7378,290.93,88,2,2.27,RU,1690916857
374,nikolayevsk-on-amure,53.1406,140.73,285.63,97,100,3.29,RU,1690916860
375,whitecourt,54.1502,-115.6855,293.73,49,40,3.6,CA,1690916715
376,mugia,43.1041,-9.2179,295.88,87,3,5.62,ES,1690916865
377,chui,-33.6971,-53.4616,295.96,68,0,2.65,UY,1690916866
378,hereford,52.0568,-2.7148,291.51,76,100,0.45,GB,1690916867
379,shahrud,36.4182,54.9763,299.86,48,0,3.2,IR,1690916868
380,sirte,31.2089,16.5887,301.14,77,0,3.77,LY,1690916869
381,amble,55.3333,-1.5833,290.18,94,100,2.57,GB,1690916870
382,saurimo,-9.6608,20.3916,293.63,18,8,2.29,AO,1690916871
383,magadan,59.5667,150.8,284.76,79,49,3.98,RU,1690916768
384,kingscliff,-28.2667,153.5667,290.22,82,40,4.63,AU,1690916872
385,urangan,-25.3,152.9,290.57,84,9,4.68,AU,1690916873
386,axim,4.8699,-2.2405,297.74,89,96,4.55,GH,1690916874
387,umm kaddadah,13.6017,26.6876,305.16,42,87,9.22,SD,1690916875
388,dazuocun,24.8862,118.9643,299.41,80,40,2.78,CN,1690916876
389,mar del plata,-38.0023,-57.5575,297.16,38,0,6.17,AR,1690916877
390,kegen,43.0197,79.2203,286.7,53,8,2.75,KZ,1690916878
391,zakynthos,37.7914,20.8953,299.77,78,0,2.57,GR,1690916880
392,qui nhon,13.7667,109.2333,299.98,75,100,2.84,VN,1690916882
393,berbera,10.4396,45.0143,307.47,42,100,8.85,SO,1690916884
394,holdrege,40.4403,-99.3698,296.75,88,100,3.6,US,1690916771
395,trinity beach,-16.7888,145.6968,294.09,83,75,3.6,AU,1690916891
396,namtsy,62.7161,129.6658,284.55,86,100,1.23,RU,1690916892
397,san patricio,28.017,-97.5169,310.55,34,0,6.16,US,1690916893
398,teguise,29.0605,-13.564,296.27,69,20,12.86,ES,1690916897
399,coyhaique,-45.5752,-72.0662,276.12,93,100,2.57,CL,1690916899
400,barcelos,41.5388,-8.6151,298.1,80,8,2.95,PT,1690916899
401,ar rutbah,33.0381,40.2848,306.94,19,0,5.21,IQ,1690916900
402,kuressaare,58.2481,22.5039,291.12,96,20,7.2,EE,1690916900
403,nogliki,51.8333,143.1667,285.88,96,100,7.86,RU,1690916901
404,hauterive,46.0901,3.4459,296.57,60,100,1.94,FR,1690916901
405,huarmey,-10.0681,-78.1522,296.23,66,2,4.71,PE,1690916902
406,palmer,42.1584,-72.3287,297.94,42,75,5.66,US,1690916902
407,hermosillo,29.0667,-110.9667,313.26,34,0,1.34,MX,1690916374
408,fisterra,42.9049,-9.2629,295.79,87,5,3.89,ES,1690916903
409,jand,33.4299,72.0193,309.07,41,0,3.85,PK,1690916904
410,kittila,67.6647,24.8936,288.23,94,20,1.54,FI,1690916904
411,north bend,43.4065,-124.2243,299.95,72,0,7.2,US,1690916905
412,yeppoon,-23.1333,150.7333,290.03,83,16,3.74,AU,1690916906
413,chipinge,-20.1883,32.6236,284.72,70,0,4.05,ZW,1690916906
414,caleta de carquin,-11.0925,-77.6267,295.13,68,9,4.5,PE,1690916906
415,saint-loubes,44.9154,-0.427,295.58,71,9,4.2,FR,1690916907
416,ulanhot,46.0833,122.0833,296.23,96,100,3.78,CN,1690916908
417,mount isa,-20.7333,139.5,290.02,45,0,4.12,AU,1690916909
418,gjirokaster,40.0758,20.1389,296.81,62,0,1.04,AL,1690916910
419,stolniceni-prajescu,47.1986,26.7481,295.62,52,51,2.6,RO,1690916910
420,ngaoundere,7.3167,13.5833,291.7,96,100,0.99,CM,1690916911
421,acapulco de juarez,16.8634,-99.8901,304.05,66,75,5.14,MX,1690916912
422,el matama,16.7095,33.3565,304.38,50,100,5.83,SD,1690916912
423,sola,-13.8833,167.55,297.7,74,100,11.44,VU,1690916913
424,imbituba,-28.24,-48.6703,296.4,66,6,5.64,BR,1690916913
425,buka,40.8108,69.1986,301.49,26,11,2.74,UZ,1690916913
426,playa del ingles,27.7567,-15.5787,301.15,58,1,0.89,ES,1690916709
427,acarau,-2.8856,-40.12,302.36,60,4,8.61,BR,1690916914
428,luba,3.4568,8.5547,298.6,86,99,4.29,GQ,1690916915
429,motueka,-41.1333,173.0167,279.87,90,37,1.03,NZ,1690916915
430,mombetsu,44.3525,143.3525,296.12,67,100,4.82,JP,1690916916
431,howard springs,-12.497,131.047,295.1,93,100,2.23,AU,1690916917
432,port douglas,-16.4833,145.4667,295.28,79,100,7.71,AU,1690916917
433,dawson creek,55.7666,-120.2362,290.65,71,100,2.68,CA,1690916918
434,den burg,53.0542,4.7972,290.37,83,75,7.72,NL,1690916868
435,canton,23.1167,113.25,302.52,66,100,0.43,CN,1690916919
436,nizhnyaya poyma,56.1622,97.1933,289.31,92,2,0.61,RU,1690916919
437,wauchope,-31.45,152.7333,287.02,69,100,0.89,AU,1690916920
438,hilo,19.7297,-155.09,300.53,76,40,2.57,US,1690916920
439,bu'aale,1.0833,42.5833,297.81,74,100,4.28,SO,1690916921
440,porto novo,6.4965,2.6036,297.79,89,41,4.1,BJ,1690916921
441,miles city,46.4083,-105.8406,307.69,26,0,2.97,US,1690916921
442,north bay,46.3168,-79.4663,296.45,46,37,2.75,CA,1690916881
443,gejiu,23.306,103.1635,288.64,99,100,0.35,CN,1690916922
444,luorong,24.4058,109.6086,298.86,89,99,0.86,CN,1690916923
445,lesnoy,57.6198,63.0784,289.82,81,30,2.02,RU,1690916923
446,mittegrossefehn,53.4,7.55,290.38,86,75,5.66,DE,1690916923
447,okhotsk,59.3833,143.3,285.82,93,100,2.87,RU,1690916924
448,bubaque,11.2833,-15.8333,299.86,81,100,8.21,GW,1690916924
449,tyachiv,48.0118,23.5706,297.49,67,100,2.04,UA,1690916925
450,hwange,-18.3693,26.5019,291.96,39,4,1.26,ZW,1690916926
451,santo antonio,-6.3106,-35.4789,301.33,60,84,5.45,BR,1690916926
452,senanga,-16.1167,23.2667,289.13,19,7,3.01,ZM,1690916927
453,fort liberte,19.6678,-71.8397,304.97,63,100,6.76,HT,1690916927
454,lapeer,43.0514,-83.3188,299.4,64,40,0.0,US,1690916761
455,cordoba,-31.4135,-64.1811,308.01,23,0,8.23,AR,1690916853
456,tekeli,44.83,78.8239,294.77,33,41,4.47,KZ,1690916929
457,la passe,45.5549,-0.8967,295.28,81,18,4.97,FR,1690916929
458,meadow lakes,61.6247,-149.6011,294.21,68,0,2.68,US,1690916930
459,pacific grove,36.6177,-121.9166,293.6,89,100,3.13,US,1690916930
460,korla,41.7597,86.1469,300.05,32,0,3.28,CN,1690916931
461,bhawana,31.5692,72.649,308.95,40,35,3.49,PK,1690916931
462,nova sintra,14.8667,-24.7167,296.22,81,14,3.76,CV,1690916932
463,pangkalanbuun,-2.6833,111.6167,297.74,95,100,1.57,ID,1690916932
464,port shepstone,-30.7414,30.455,289.32,67,44,2.17,ZA,1690916933
465,kataysk,56.289,62.5841,290.6,76,36,3.3,RU,1690916933
466,konstantinovka,49.6167,127.9833,295.02,97,100,3.6,RU,1690916934
467,el higo,21.7667,-98.4667,309.64,37,100,2.42,MX,1690916934
468,salina,38.8403,-97.6114,313.73,40,0,1.54,US,1690916934
469,midvagur,62.0511,-7.1939,285.61,76,85,5.14,FO,1690916935
470,nuuk,64.1835,-51.7216,280.49,81,75,4.02,GL,1690916936
471,ohara,35.25,140.3833,298.13,94,41,3.84,JP,1690916936
472,gizo,-8.103,156.8419,299.79,82,90,9.13,SB,1690916936
473,lethem,3.3803,-59.7968,303.57,65,68,1.37,GY,1690916937
474,lamu,-2.2717,40.902,298.27,86,13,6.42,KE,1690916937
475,kalmunai,7.4167,81.8167,300.02,75,100,2.11,LK,1690916938
476,amga,60.8953,131.9608,282.66,99,99,1.86,RU,1690916938
477,ta`u,-14.2336,-169.5144,300.17,76,24,5.55,AS,1690916939
478,sunrise manor,36.2111,-115.0731,306.98,40,0,12.52,US,1690916654
479,ak-suu,42.4995,78.527,291.0,37,91,2.82,KG,1690916940
480,minas de marcona,-15.2119,-75.1103,292.32,58,9,3.85,PE,1690916940
481,ghadamis,30.1337,9.5007,311.23,14,0,4.88,LY,1690916940
482,dakhla,23.6848,-15.958,293.96,87,0,10.25,EH,1690916941
483,tabou,4.423,-7.3528,297.88,90,91,5.2,CI,1690916941
484,nova bana,48.4231,18.6404,289.37,98,100,2.05,SK,1690916942
485,nelson bay,-32.7167,152.15,287.59,89,41,1.79,AU,1690916755
486,zeya,53.75,127.2667,286.31,95,0,2.2,RU,1690916943
487,abong mbang,3.9833,13.1833,294.31,95,25,1.27,CM,1690916943
488,greymouth,-42.4667,171.2,280.3,89,100,1.59,NZ,1690916944
489,tazovsky,67.4667,78.7,290.63,85,86,5.55,RU,1690916944
490,chilliwack,49.1747,-121.9443,299.46,49,69,1.79,CA,1690916945
491,twon-brass,4.3151,6.2418,298.67,80,97,6.42,NG,1690916946
492,wasagu,11.3764,5.7954,296.02,86,100,2.12,NG,1690916946
493,anzio,41.4853,12.6179,298.78,64,4,4.05,IT,1690916947
494,quba,41.3626,48.5152,295.16,61,0,2.1,AZ,1690916947
495,saarijarvi,62.7049,25.254,289.24,94,100,3.61,FI,1690916948
496,sault ste. marie,46.5168,-84.3333,298.31,44,0,0.0,CA,1690916885
497,raja,8.4596,25.678,295.95,79,100,1.22,SS,1690916949
498,ocean city,39.2776,-74.5746,301.29,55,29,5.28,US,1690916753
499,balsta,59.5671,17.5278,291.2,86,99,3.29,SE,1690916950
500,buenaventura,3.8801,-77.0312,302.04,78,72,2.31,CO,1690916951
501,zhanibek,49.4167,46.85,300.87,35,84,5.82,KZ,1690916952
502,meulaboh,4.1363,96.1285,297.84,85,100,0.58,ID,1690916953
503,mek'ele,13.4967,39.4753,292.74,72,99,3.3,ET,1690916954
504,santiago de cao,-7.9589,-79.2392,298.22,61,72,5.14,PE,1690916955
505,regina,50.4501,-104.6178,304.28,35,6,1.34,CA,1690916837
506,kizilcahamam,40.4697,32.6506,299.94,71,100,0.28,TR,1690916956
507,mooroopna,-36.4,145.35,278.33,90,0,2.14,AU,1690916956
508,tazacorte,28.629,-17.9293,299.34,84,75,7.2,ES,1690916957
509,ephrata,40.1798,-76.1788,300.27,46,20,5.14,US,1690916957
510,iwon-up,40.3231,128.6553,297.29,85,100,1.0,KP,1690916958
511,susuman,62.7833,148.1667,281.95,76,100,1.56,RU,1690916959
512,antsiranana,-12.2787,49.2917,295.85,73,0,6.88,MG,1690916852
513,daru,-9.0763,143.2092,298.02,76,94,6.66,PG,1690916959
514,tolanaro,-25.0319,46.9987,292.0,78,17,3.26,MG,1690916960
515,dudinka,69.4058,86.1778,291.83,78,0,4.62,RU,1690916960
516,muhos,64.808,25.9931,292.03,83,100,2.57,FI,1690916961
517,luanda,-8.8368,13.2343,294.15,83,0,1.54,AO,1690916961
518,san juan de uraba,8.7592,-76.5297,304.46,66,78,2.2,CO,1690916962
519,dryden,49.7833,-92.7503,302.45,31,53,4.59,CA,1690916962
520,kristiansund,63.1115,7.732,290.18,88,75,2.06,NO,1690916963
521,marsh harbour,26.5412,-77.0636,303.49,65,100,3.94,BS,1690916734
522,chakwal,32.9334,72.8585,306.29,45,32,3.68,PK,1690916918
523,shalkar,47.8288,59.6258,301.06,26,0,1.0,KZ,1690916964
524,zag,46.9441,99.165,286.07,82,3,2.73,MN,1690916965
525,kambarka,56.2694,54.2062,291.24,92,87,1.37,RU,1690916965
526,port-gentil,-0.7193,8.7815,295.9,78,100,6.34,GA,1690916966
527,itoman,26.1247,127.6694,299.36,100,100,27.27,JP,1690916967
528,pisco,-13.7,-76.2167,293.18,77,100,2.57,PE,1690916967
529,horta,38.5333,-28.6333,299.27,79,20,6.17,PT,1690916968
530,cha-am,12.8,99.9667,301.0,72,100,5.17,TH,1690916968
531,stephenville,32.2207,-98.2023,313.67,25,40,3.09,US,1690916969
532,camden,39.7835,-74.9663,301.46,42,1,0.89,US,1690916970
533,langepas,61.2544,75.2124,291.38,95,46,3.0,RU,1690916937
534,ugoofaaru,5.6667,73.0,301.44,75,100,5.55,MV,1690916972
535,ancud,-41.8697,-73.8203,282.15,75,99,8.11,CL,1690916972
536,vicuna mackenna,-33.9197,-64.3922,300.31,38,0,4.21,AR,1690916973
537,flin flon,54.7682,-101.865,301.62,30,0,5.44,CA,1690916868
538,kone,-21.0595,164.8658,287.63,85,0,2.47,NC,1690916975
539,el granada,37.5027,-122.4694,299.52,76,20,5.14,US,1690916976
540,kununurra,-15.7667,128.7333,298.14,33,5,4.12,AU,1690916938
541,butha-buthe,-28.8333,28.5,272.21,55,0,0.98,LS,1690916978
542,donna,26.1703,-98.0519,311.56,43,75,5.66,US,1690916979
543,lugovoye,42.9094,72.7178,300.14,35,82,3.27,KZ,1690916979
544,cacalchen,20.9833,-89.2333,308.15,44,89,1.3,MX,1690916980
545,qamdo,31.1667,97.2333,279.51,92,100,0.53,CN,1690916980
546,masvingo,-20.0637,30.8277,287.11,48,0,5.04,ZW,1690916981
547,san mateo del mar,16.2,-95.0,305.28,59,100,9.91,MX,1690916982
548,oyama,36.3,139.8,301.25,68,88,1.07,JP,1690916982
549,babana,10.4295,3.815,298.95,76,100,2.93,NG,1690916983
550,shahabad,27.65,79.95,304.46,60,86,1.68,IN,1690916983
551,federacion,-31.0062,-57.8996,300.7,59,0,3.72,AR,1690916984
552,sotkamo,64.1333,28.4167,292.16,86,98,2.11,FI,1690916984
553,ruteng,-8.6136,120.4721,287.94,67,7,0.53,ID,1690916985
554,brookings,44.3114,-96.7984,301.58,68,100,3.6,US,1690916790
555,balabac,7.9868,117.0645,300.5,82,100,3.76,PH,1690916985
556,akureyri,65.6835,-18.0878,285.11,76,20,7.72,IS,1690916986
557,bandarbeyla,9.4942,50.8122,298.47,77,100,12.98,SO,1690916986
558,ed damer,17.5928,33.9592,304.28,51,45,4.57,SD,1690916987
559,laojunmiao,39.8333,97.7333,293.61,30,0,2.03,CN,1690916987
560,marquette,46.5333,-87.6335,298.17,65,71,2.24,US,1690916855
561,tofol,5.3248,163.0078,299.51,85,100,5.42,FM,1690916988
562,tlaltenango de sanchez roman,21.7833,-103.3167,302.95,26,54,3.3,MX,1690916989
563,gisborne,-38.6533,178.0042,286.93,62,0,6.85,NZ,1690916884
564,marka,1.7159,44.7717,297.63,88,100,6.57,SO,1690916989
565,kestel,40.1983,29.2124,296.86,83,0,1.68,TR,1690916990
566,san isidro,-12.1167,-77.05,294.92,64,75,4.12,PE,1690916990
567,constitucion,-35.3333,-72.4167,289.63,67,0,7.6,CL,1690916991
568,cimitarra,6.3142,-73.9497,305.66,60,47,0.29,CO,1690916991
569,saudarkrokur,65.7461,-19.6394,283.41,82,42,4.03,IS,1690916992
570,thakhek,17.4103,104.8307,297.01,99,100,1.01,LA,1690916992
571,berezovyy,51.6667,135.7,287.97,94,100,0.65,RU,1690916993
572,eydhafushi,5.1033,73.0708,301.33,75,100,4.74,MV,1690916993
573,coahuayana de hidalgo,18.7,-103.6583,306.24,62,51,2.9,MX,1690916993
574,zhaodong,46.0833,125.9833,296.48,97,100,4.15,CN,1690916739
575,grums,59.3466,13.1091,291.43,72,75,0.0,SE,1690916994
